Mate 60双向北斗卫星消息 全焦段超清影像 鸿蒙智能手机,4499,5499,8.2折,http://h2.appsimg.com/a.appsimg.com/upload/merchandise/pdcvis/612272/2023/0830/60/08536281-716f-4935-aa93-1cec31d85d16_235x235_90.jpg,https://detail.vip.com/detail-1711576586-6920594049981068426.html
畅玩50大字体大音量5200mAh大电池高清灵动大屏5G手机,639,999,6.4折,http://h2.appsimg.com/a.appsimg.com/upload/merchandise/pdcvis/612272/2024/0903/63/9fabf26e-9553-4928-817f-7dc3c2da5aac_235x235_90.jpg,https://detail.vip.com/detail-1711793093-6921075639354683845.html
Redmi Note13 1亿像素 超细四窄边OLED直屏,789,999,7.9折,http://h2.appsimg.com/a.appsimg.com/upload/merchandise/pdcvis/2023/09/21/0/6daad467-6b58-4e51-9279-1e0b80f0bd3c_235x235_90.jpg,https://detail.vip.com/detail-1711573035-6920564982921556683.html
学生专用手机大声音大字体超长续航全网通小手机迷你超薄老年机,151,399,3.8折起,http://h2.appsimg.com/a.appsimg.com/upload/merchandise/pdcvis/609655/2024/0823/199/a5492aba-9b8c-452e-b605-7d6a855da399_235x235_90.jpg,https://detail.vip.com/detail-1711197424-6921056418314357904.html
Pura 70 Pro 超聚光微距长焦 超高速风驰闪拍 旗舰手机,5699,6999,8.1折,,https://detail.vip.com/detail-1711576586-6920863613599405322.html
X60 Pro【新款上市】高效芯片旗舰闪充拍照手机,2299,,,,https://detail.vip.com/detail-1712787537-6921125170541685137.html
2660 Flip 4G三网通  双卡双待 学生老人备用手机,389,449,8.7折,,https://detail.vip.com/detail-1712058027-6920037412027812043.html
Mate 60 Pro双向北斗卫星消息 全焦段超清影像手机,5199,6499,8折,,https://detail.vip.com/detail-1711576586-6920589828313845962.html
红米Redmi 10A 6.53英寸大屏5000mAh大电量,479,699,6.9折,,https://detail.vip.com/detail-1710612828-6919776746453137692.html
Pura 70 Pro 超聚光微距长焦 超高速风驰闪拍 旗舰手机,5699,6999,8.1折,,https://detail.vip.com/detail-1711576586-6920863613599388938.html
,5599,6499,8.6折,,https://detail.vip.com/detail-1710615683-6920862639685919875.html
Neo9S Pro+【新品上市】120W闪充第三代骁龙8手机,2999,3299,9.1折,,https://detail.vip.com/detail-1712101768-6920984260251506760.html
Mate 60 Pro双向北斗卫星消息 全焦段超清影像手机,5199,6499,8折,,https://detail.vip.com/detail-1711576586-6920589828313809098.html
X60pro【礼包套餐】 新品5G手机,2299,,,,https://detail.vip.com/detail-1711247324-6921125146382457244.html
Pura 70北斗卫星消息版 超高速风驰闪拍 旗舰手机,5099,6099,8.4折,,https://detail.vip.com/detail-1711576586-6920971150027113994.html
全网通4G三防老人手机大电池超长待机移动联通电信直板按键,99,,,,https://detail.vip.com/detail-1711627690-6921075586834958026.html
Neo9S Pro+【新品上市】120W闪充第三代骁龙8手机,2999,3299,9.1折,,https://detail.vip.com/detail-1712101768-6920984260251498568.html
Pura 70 Pro+ 超聚光微距长焦 超高速风驰闪拍 旗舰手机,6299,7999,7.9折,,https://detail.vip.com/detail-1711576586-6920892654060840202.html
Redmi 13C 5G天玑6100+性能芯5000万手机,649,899,7.2折,,https://detail.vip.com/detail-1710612828-6920700298956112412.html
X60 Pro【新款上市】高效芯片旗舰闪充拍照手机,1699,,,,https://detail.vip.com/detail-1712787537-6921125170541709713.html
Pura 70北斗卫星消息版 超高速风驰闪拍 旗舰手机,5099,6099,8.4折,,https://detail.vip.com/detail-1711576586-6921016165471755466.html
Pura 70 Pro+ 超聚光微距长焦 超高速风驰闪拍 旗舰手机,6289,7999,7.9折,,https://detail.vip.com/detail-1711576586-6920863613599474954.html
Redmi Turbo3 第三代骁龙8s 小米澎湃OS,1509,1999,7.5折,,https://detail.vip.com/detail-1711573035-6920852532189299979.html
X60【新款上市】高效芯片旗舰闪充游戏长续航手机,1199,,,,https://detail.vip.com/detail-1712787537-6921125170541926801.html
Pura 70超高速风驰闪拍 超聚光微距长焦 旗舰手机,4999,5999,8.3折,,https://detail.vip.com/detail-1711576586-6921075342365323722.html
畅享 70 6000mAh大电池 长续航 畅享X键一键直达鸿蒙智能手机,988,1199,8.2折,,https://detail.vip.com/detail-1711576586-6920908831135982858.html
Pura 70超高速风驰闪拍 超聚光微距长焦 旗舰手机,5699,6999,8.1折,,https://detail.vip.com/detail-1711576586-6921126061753689290.html
Redmi 13C 5G天玑6100+性能芯5000万手机,649,899,7.2折,,https://detail.vip.com/detail-1710612828-6920700298956145180.html
畅享 70 6000mAh大电池 长续航 畅享X键一键直达鸿蒙智能手机,1099,1399,7.9折,,https://detail.vip.com/detail-1711576586-6920675207120673738.html
X100s【新款上市】超薄直屏设计 100W双芯5G闪充手机,3719,3999,9.3折,,https://detail.vip.com/detail-1712144357-6920898942870274373.html
Redmi 12C Helio G85性能芯5000万双摄,469,649,7.2折,,https://detail.vip.com/detail-1710612828-6920189934055287068.html
X60【新款上市】高效芯片旗舰闪充游戏长续航手机,1799,,,,https://detail.vip.com/detail-1712787537-6921125170541922705.html
S19 第三代骁龙7大电池80W闪充5G系列手机2024新款,2816,3299,8.5折,,https://detail.vip.com/detail-1711060558-6920923363823464910.html
Redmi Note13【小米有线耳机套餐】1亿像素更清晰,829,1199,6.9折,,https://detail.vip.com/detail-1712044944-6920585714946234320.html
Z9 Turbo+ 80W闪充天玑9300+ 5G新款手机,2599,,,,https://detail.vip.com/detail-1712101768-6921092995574968968.html
Redmi Note13 1亿像素 超细四窄边OLED直屏,789,999,7.9折,,https://detail.vip.com/detail-1711573035-6920564982921573067.html
畅玩20 4GB+128GB大电池长续航学生老人机千元手机,629,899,7折,,https://detail.vip.com/detail-1711793093-6919744762780422597.html
Pura 70 Ultra 超聚光伸缩摄像头超高速风驰闪拍 旗舰手机,8999,10999,8.2折,,https://detail.vip.com/detail-1711576586-6920863613683496202.html
Y200t【新品上市】5000万超光感影像防尘防水5G手机,999,1199,8.3折,,https://detail.vip.com/detail-1712144357-6920908847130526021.html
105 4G全网通老人老年按键手机 学生儿童备用机 双卡双待,178,199,8.9折,,https://detail.vip.com/detail-1712058027-6920346337631784651.html
Redmi Turbo3 第三代骁龙8s 小米澎湃OS,1509,1999,7.5折,,https://detail.vip.com/detail-1711573035-6920852532189279499.html
X50  一亿像素大底主摄 第一代骁龙6移动平台 5G全网通手机,1259,1399,9折,,https://detail.vip.com/detail-1711793093-6920446171390000389.html
Mate 60【原装蓝牙无线耳机套餐】旗舰手机,5319,,,,https://detail.vip.com/detail-1710619486-6920564377332771550.html
Y200t 5000万超光感影像强劲续航5G手机2024新款,999,1199,8.3折,,https://detail.vip.com/detail-1711060558-6920908777410724302.html
Z9 Turbo 80W闪充第三代骁龙8s大电池手机,2149,2399,9折,,https://detail.vip.com/detail-1712101768-6920871264870003144.html
Redmi K70E 天玑8300-Ultra 澎湃OS手机,1749,1999,8.7折,,https://detail.vip.com/detail-1711573035-6920659708906113995.html
105 4G全网通老人老年按键手机 学生儿童备用机 双卡双待,178,199,8.9折,,https://detail.vip.com/detail-1712058027-6920346337631788747.html
X60pro【礼包套餐】 新品5G手机,2299,,,,https://detail.vip.com/detail-1711247324-6921125146382297500.html
Pura 70 Ultra 超聚光伸缩摄像头超高速风驰闪拍 旗舰手机,8999,10999,8.2折,http://h2.appsimg.com/a.appsimg.com/upload/merchandise/pdcvis/612272/2024/0418/121/92fac74b-a54e-48f3-a052-a07dc8892394_235x235_90.jpg,https://detail.vip.com/detail-1711576586-6920863613683520778.html
Redmi Note13【小米有线耳机套餐】1亿像素更清晰,929,1299,7.2折,http://h2.appsimg.com/a.appsimg.com/upload/merchandise/pdcvis/642469/2023/1204/67/12034024-cc12-477b-aa1e-fbe16e1b5025_235x235_90.jpg,https://detail.vip.com/detail-1712044944-6920585714946230224.html
Z9 Turbo 80W闪充第三代骁龙8s大电池手机,2379,2599,9.2折,http://h2.appsimg.com/a.appsimg.com/upload/merchandise/pdcvis/617039/2024/0425/160/a1a86eb2-561b-45f5-9881-a4ba8d532d6d_235x235_90.jpg,https://detail.vip.com/detail-1712101768-6920871264869986760.html
Mate60标准版【华为运动手环套装】北斗卫星消息手机,4799,5499,8.7折,http://h2.appsimg.com/a.appsimg.com/upload/merchandise/pdcvis/612272/2024/0724/119/fe2619ce-89e4-49f7-b688-800b7b46af4f_235x235_90.jpg,https://detail.vip.com/detail-1710615683-6921003249174463747.html
X200 Pro mini 30W无线闪充大电池新款5G手机,4699,,,http://h2.appsimg.com/a.appsimg.com/upload/merchandise/pdcvis/2024/10/14/64/e159a39f-a926-4bb0-b980-098c2f34c97a_235x235_90.jpg,https://detail.vip.com/detail-1711083861-6921122026769955157.html
Magic6 新品5G手机单反级荣耀鹰眼相机巨犀玻璃,4059,5199,7.8折,http://h2.appsimg.com/a.appsimg.com/upload/merchandise/pdcvis/615379/2024/0924/52/90d1a8ba-d397-4f65-8724-7d09ae86748f_235x235_90.jpg,https://detail.vip.com/detail-1712716706-6920720756770097986.html
Note13Pro+ 新2亿像素 第二代1.5K高光屏,1699,1999,8.5折,http://h2.appsimg.com/a.appsimg.com/upload/merchandise/pdcvis/643086/2023/0921/189/92b1de9e-63af-491c-b624-309370c05657_235x235_90.jpg,https://detail.vip.com/detail-1712765921-6920559938820735553.html
K12【套餐任选】5G全网通大电池拍照八核闪充AI游戏手机,1668,2099,7.9折起,http://h2.appsimg.com/a.appsimg.com/upload/merchandise/pdcvis/632522/2024/0709/156/e19dd1ae-271e-4481-a73d-b5a98c5cd8c9_235x235_90.jpg,https://detail.vip.com/detail-1712148430-6920871214179470734.html
2660 Flip 4G三网通  双卡双待 学生老人备用手机,389,449,8.7折,http://h2.appsimg.com/a.appsimg.com/upload/merchandise/pdcvis/638663/2022/0926/166/4a7c37e5-3bd8-463e-b293-28a138dbd681_235x235_90.jpg,https://detail.vip.com/detail-1712058027-6920037412027803851.html
Mate60标准版【华为运动手环套装】北斗卫星消息手机,4799,5499,8.7折,http://h2.appsimg.com/a.appsimg.com/upload/merchandise/pdcvis/612272/2024/0724/173/8c72f659-fec9-40d4-92d9-090804250ea1_235x235_90.jpg,https://detail.vip.com/detail-1710615683-6921003249174488323.html
X50  一亿像素大底主摄 第一代骁龙6移动平台 5G全网通手机,1309,1599,8.2折,http://h2.appsimg.com/a.appsimg.com/upload/merchandise/pdcvis/2023/07/05/59/debba449-7181-4afc-814e-e391551bb7aa_235x235_90.jpg,https://detail.vip.com/detail-1711793093-6920446171389963525.html
Mate 60 Pro【原装蓝牙无线耳机套餐】旗舰手机,5999,,,http://h2.appsimg.com/a.appsimg.com/upload/merchandise/pdcvis/613137/2023/0904/144/911f7b8f-f129-46c2-b2cf-656787e6aa80_235x235_90.jpg,https://detail.vip.com/detail-1710619486-6920564377332615902.html
S19【新品上市】高通第三代骁龙80w远航闪充5G手机,1999,2499,8折,http://h2.appsimg.com/a.appsimg.com/upload/merchandise/pdcvis/615379/2024/0719/51/7694b530-7974-4ff4-932c-ee9fa19cac8b_235x235_90.jpg,https://detail.vip.com/detail-1712144357-6920930280379773253.html
Mate 60 Pro【原装蓝牙无线耳机套餐】旗舰手机,5999,,,http://h2.appsimg.com/a.appsimg.com/upload/merchandise/pdcvis/613137/2023/0904/129/ba762a52-c68a-4e4f-bcee-6de4560cbf2f_235x235_90.jpg,https://detail.vip.com/detail-1710619486-6920564377332583134.html
90 GT  第二代骁龙8旗舰芯片 绿洲护眼屏 5G全网通手机,1918,2699,7.1折,http://h2.appsimg.com/a.appsimg.com/upload/merchandise/pdcvis/2023/12/21/169/12055017-0cb8-4777-8171-a61b99cc64ca_235x235_90.jpg,https://detail.vip.com/detail-1711793093-6920691629670234693.html
真我GT5Pro拍照手机5G第三代骁龙8旗舰芯gt5 pro,3699,,,http://h2.appsimg.com/a.appsimg.com/upload/merchandise/pdcvis/643012/2024/0514/199/bf0a5709-b353-4a1f-be88-8668e19e2168_235x235_90.jpg,https://detail.vip.com/detail-1712061631-6920736501530604447.html
Redmi 12 5G 骁龙4第二代 5000mAh超大电量,909,1299,7折,,https://detail.vip.com/detail-1712044944-6921078614788586640.html
nova 12活力版6.88mm超薄潮美直屏前置6000万鸿蒙智能手机,1899,2499,7.6折,,https://detail.vip.com/detail-1711576586-6920872525405689098.html
Y200t【新品上市】5000万超光感影像防尘防水5G手机,1099,1299,8.5折,,https://detail.vip.com/detail-1712144357-6920908847130521925.html
Pura 70【华为运动手环套装】北斗卫星消息版旗舰手机,5499,6099,9折,,https://detail.vip.com/detail-1710615683-6920965142079474307.html
Magic6 新品5G手机单反级荣耀鹰眼相机巨犀玻璃,4059,5199,7.8折,,https://detail.vip.com/detail-1712716706-6920720756770077506.html
Z9 Turbo+ 80W闪充天玑9300+ 5G新款手机,2899,,,,https://detail.vip.com/detail-1712101768-6921092995574973064.html
红米Note14 Pro【蓝牙耳机套餐】IP68 防尘防水,1499,1539,9.7折,,https://detail.vip.com/detail-1712044944-6921101438174782736.html
X200 Pro mini 30W无线闪充大电池新款5G手机,4699,,,,https://detail.vip.com/detail-1711083861-6921122026769930581.html
学生专用手机大声音大字体超长续航全网通小手机迷你超薄老年机,151,399,3.8折起,,https://detail.vip.com/detail-1711197424-6921056418263993488.html
90 GT  第二代骁龙8旗舰芯片 绿洲护眼屏 5G全网通手机,1918,2699,7.1折,,https://detail.vip.com/detail-1711793093-6920691629670238789.html
红米Note14 Pro【蓝牙耳机套餐】IP68 防尘防水,1499,1539,9.7折,,https://detail.vip.com/detail-1712044944-6921101438174594320.html
Neo9S Pro 新品上市 120W闪充天玑9300+手机,2639,2799,9.4折,,https://detail.vip.com/detail-1712101768-6920908920626426312.html
红米Note14 Pro+【新款上市】首发骁龙7sGen3长续航手机,2099,2199,9.5折,,https://detail.vip.com/detail-1712686803-6921101714005563987.html
100  第三代骁龙7芯片 100W有线超级快充 5G全网通手机,1772,2299,7.7折,,https://detail.vip.com/detail-1711793093-6920650866034312069.html
 Mate 60 【无线充电套餐】双向北斗卫星消息 全焦段超清影像,5399,5999,9折,,https://detail.vip.com/detail-1713429833-6921045323408965193.html
X15Pro 超薄智能学生老人手机全网通八核大电池大内存手机,479,599,8折起,,https://detail.vip.com/detail-1711627690-6920781242325601098.html
Redmi Note13 Pro第二代1.5K高光屏2亿像素,1299,1599,8.1折,,https://detail.vip.com/detail-1711573035-6920564983676641995.html
HONOR/荣耀Play 9T 长续航超抗摔高品质智能手机,978,999,9.8折,,https://detail.vip.com/detail-1711793093-6921075936273150405.html
Mate 60【原装蓝牙无线耳机套餐】旗舰手机,4999,,,,https://detail.vip.com/detail-1710619486-6920564377332595422.html
X100s天玑9300+旗舰100W闪充5G手机2024新款,3719,3999,9.3折,,https://detail.vip.com/detail-1711060558-6920898895575527886.html
Magic6 Pro 蓝牙耳机套餐无线充电5G手机,4599,5899,7.8折,,https://detail.vip.com/detail-1712716706-6920720756770253634.html
nova 12 Pro 前置6000万人像追焦双摄鸿蒙智能手机,3399,3999,8.5折,,https://detail.vip.com/detail-1711576586-6920707338932786570.html
X100s【新款上市】超薄直屏设计 100W双芯5G闪充手机,3719,3999,9.3折,,https://detail.vip.com/detail-1712144357-6920898942870286661.html
红米Note14 Pro+【新款上市】首发骁龙7sGen3长续航手机,1899,1999,9.5折,,https://detail.vip.com/detail-1712686803-6921101714005629523.html
畅玩50 【蓝牙耳机套餐】5G手机,699,,,,https://detail.vip.com/detail-1710745551-6920909102814684175.html
,2399,2599,9.2折,,https://detail.vip.com/detail-1710612828-6921036812324473884.html
nova Flip小折叠 鸿蒙AI趣玩 后置5000万悬停自拍智能手机,5399,5688,9.5折,,https://detail.vip.com/detail-1711576586-6921020517497928906.html
,5949,6999,8.5折,,https://detail.vip.com/detail-1710615683-6920576585782694915.html
Y36c【新品上市】5000万高清主摄5G手机,899,999,9折,,https://detail.vip.com/detail-1712144357-6921053480118208837.html
Note 14Pro+第三代骁龙7s 6200mAh大电量,2299,2399,9.6折,,https://detail.vip.com/detail-1711573035-6921114721541614859.html
100 Pro【手机支架套装版】第二代骁龙8芯片5G手机,2399,3399,7.1折,,https://detail.vip.com/detail-1712716706-6920649389524777282.html
Pura 70【华为运动手环套装】北斗卫星消息版旗舰手机,5499,6099,9折,,https://detail.vip.com/detail-1710615683-6920965142079421059.html
X60 5G全网通【荣耀周边套装】一亿像素 AI影像手机,1399,,,,https://detail.vip.com/detail-1712382422-6921125160084031190.html
Mate60Pro+双卫星通信 超可靠玄武架构 旗舰智能手机,7199,8999,8折,,https://detail.vip.com/detail-1711576586-6920594499861374090.html
Redmi Note13 Pro第二代1.5K高光屏2亿像素,1299,1599,8.1折,,https://detail.vip.com/detail-1711573035-6920564983676682955.html
Redmi 13C 5G【小米有线耳机套餐】天玑6000+,709,899,7.9折,,https://detail.vip.com/detail-1712044944-6920707160170220304.html
